date,temperature,humidity,luminosity
49:04.1,23.3,31.9,164
49:06.4,23.3,32.4,153
49:08.7,23.3,31.6,250
49:11.0,23.3,30.5,208
49:13.2,23.3,29.9,207
49:15.5,23.3,29.2,175
49:17.8,23.3,28.7,265
49:20.1,23.3,28.4,250
49:22.3,23.3,28.1,254
49:24.6,23.3,27.7,252
49:26.9,23.3,27.5,265
49:29.2,23.3,27.2,263
49:31.4,23.3,27,267
49:33.7,23.3,26.9,267
49:36.0,23.3,26.7,267
49:38.3,23.2,26.6,267
49:40.5,23.3,26.6,269
49:42.8,23.3,26.6,267
49:45.1,23.3,26.4,267
49:47.4,23.3,26.4,269
49:49.6,23.2,26.2,265
49:51.9,23.3,26.3,265
49:54.2,23.3,26.4,265
49:56.5,23.3,26.4,269
49:58.8,23.2,26.3,265
50:01.0,23.2,26.4,267
50:03.3,23.2,26.4,265
50:05.6,23.2,26.3,265
50:07.9,23.2,26.2,265
50:10.1,23.2,26.2,269
50:12.4,23.2,26.2,269
50:14.7,23.2,26.3,267
50:17.0,23.2,26.3,265
50:19.2,23.2,26.3,267
50:21.5,23.2,26.3,267
50:23.8,23.2,26.4,269
50:26.1,23.2,26.4,267
50:28.3,23.2,26.5,269
50:30.6,23.2,26.5,269
50:32.9,23.1,26.5,269
50:35.2,23.1,26.5,269
50:37.4,23.1,26.5,269
50:39.7,23.1,26.5,269
50:42.0,23.1,26.6,271
50:44.3,23.1,26.6,269
50:46.6,23.1,26.6,269
50:48.8,23.1,26.6,243
50:51.1,23.1,26.6,263
50:53.4,23.1,26.6,267
50:55.7,23.1,26.6,256
50:57.9,23,27.1,254
51:00.2,23.1,27.4,254
51:02.5,23,27.2,263
51:04.8,23,27.1,263
51:07.0,23,27,261
51:09.3,23,26.9,265
51:11.6,23,26.8,263
51:13.9,23,26.8,263
51:16.1,23,26.7,263
51:18.4,23,26.6,263
51:20.7,23,26.6,265
51:23.0,23,26.6,263
51:25.3,23,26.6,265
51:27.5,23,26.5,265
51:29.8,23,26.5,265
51:32.1,23,26.5,261
51:34.4,23,26.8,263
51:36.6,23,27,260
51:38.9,23,27.1,263
51:41.2,23,27.1,263
51:43.5,23,27,265
51:45.7,23,27,267
52:59.7,22.9,26.7,243
53:02.0,23,26.7,261
53:04.3,22.9,26.7,260
53:06.6,22.9,26.7,261
53:08.8,22.9,26.7,263
53:11.1,22.9,26.7,256
53:13.4,22.9,26.7,263
53:15.7,22.9,26.7,265
53:18.0,22.9,26.8,263
53:20.2,22.9,26.8,265
53:22.5,22.9,26.8,254
53:24.8,22.9,26.8,263
53:27.1,22.9,26.8,265
53:29.3,22.9,26.8,267
53:31.6,22.9,26.8,267
53:33.9,22.9,26.8,269
53:36.2,22.9,27,267
53:38.4,22.9,27.3,267
53:40.7,22.9,27.2,267
53:43.0,22.9,27.2,261
53:45.3,22.9,27.1,240
53:47.5,22.8,27,265
53:49.8,22.9,27.1,265
53:52.1,22.8,27,263
53:54.4,22.8,27,263
53:56.7,22.8,27,263
53:58.9,22.8,27,263
54:01.2,22.8,27,261
54:03.5,22.8,27,261
54:05.8,22.8,27,261
54:08.0,22.8,27,263
54:10.3,22.8,27,260
54:12.6,22.8,27,260
54:14.9,22.8,27,260
54:17.1,22.8,27,260
54:19.4,22.8,27,261
54:21.7,22.8,27,261
54:24.0,22.8,27,260
54:26.2,22.8,27.2,260
54:28.5,22.8,27.5,261
54:30.8,22.8,27.7,261
54:33.1,22.8,27.8,260
54:35.3,22.8,27.8,261
54:37.6,22.8,27.8,261
54:39.9,22.8,28.1,261
54:42.2,22.8,28.1,261
54:44.5,22.8,28,261
54:46.7,22.8,28,265
54:49.0,22.8,27.9,261
54:51.3,22.8,27.8,263
54:53.6,22.8,27.7,263
54:55.8,22.8,27.6,263
54:58.1,22.7,27.5,263
55:00.4,22.8,27.4,261
55:02.7,22.8,27.4,261
55:04.9,22.8,27.3,234
55:07.2,22.8,27.3,263
55:09.5,22.8,27.3,261
55:11.8,22.8,27.3,258
55:14.0,22.8,27.3,263
55:16.3,22.8,27.3,263
55:18.6,22.8,27.3,265
55:20.9,22.8,27.3,265
55:23.1,22.8,27.2,265
55:25.4,22.8,27.2,263
55:27.7,22.8,27.2,265
55:30.0,22.8,27.2,263
55:32.3,22.8,27.2,263
55:34.5,22.8,27.1,263
55:36.8,22.8,27.1,263
55:39.1,22.8,27,263
55:41.4,22.8,27,265
55:43.6,22.8,27,265
55:45.9,22.8,27,263
55:48.2,22.8,27,265
55:50.5,22.8,27,265
55:52.7,22.8,27.1,263
55:55.0,22.8,27.1,267
55:57.3,22.8,27.1,265
55:59.6,22.8,27.1,261
56:01.8,22.8,27.1,260
56:04.1,22.8,27.1,261
56:06.4,22.8,27,261
56:08.7,22.8,27.1,261
56:10.9,22.8,27.1,263
56:13.2,22.8,27.2,263
56:15.5,22.8,27.2,260
56:17.8,22.8,27.2,265
56:20.1,22.8,27.1,261
56:22.3,22.8,27,260
56:24.6,22.8,27.3,261
56:26.9,22.8,27.6,256
56:29.2,22.8,27.7,263
56:31.4,22.9,27.7,267
56:33.7,22.9,27.5,265
56:36.0,22.9,27.3,258
56:38.3,22.8,27.2,267
56:40.5,22.8,27.1,261
56:42.8,22.8,27.1,229
56:45.1,22.8,27.1,250
56:47.4,22.8,27,261
56:49.6,22.9,27.1,265
56:51.9,22.8,27,267
56:54.2,22.8,27,267
56:56.5,22.8,26.9,263
56:58.8,22.8,26.9,267
57:01.0,22.8,26.9,265
57:03.3,22.8,26.9,267
57:05.6,22.8,26.9,265
57:07.9,22.8,26.8,265
57:10.1,22.8,26.7,265
57:12.4,22.8,26.6,267
57:14.7,22.8,26.6,265
57:17.0,22.8,26.5,265
57:19.2,22.8,26.4,265
57:21.5,22.8,26.4,263
57:23.8,22.8,26.4,265
57:26.1,22.8,26.4,267
57:28.3,22.8,26.4,269
57:30.6,22.8,26.5,267
57:32.9,22.8,26.5,267
57:35.2,22.8,26.5,267
57:37.5,22.8,26.4,265
57:39.7,22.8,26.4,263
57:42.0,22.8,26.4,258
57:44.3,22.8,26.3,256
57:46.6,22.8,26.4,256
57:48.8,22.8,26.8,249
57:51.1,22.8,26.8,252
57:53.4,22.8,26.8,256
57:55.7,22.8,26.8,256
57:57.9,22.8,26.8,254
58:00.2,22.8,26.8,252
58:02.5,22.8,26.7,237
58:04.8,22.8,26.5,234
58:07.0,22.8,26.5,235
58:09.3,22.8,26.4,235
58:11.6,22.8,26.4,237
58:13.9,22.8,26.4,237
58:16.1,22.8,26.4,258
58:18.4,22.8,26.5,258
58:20.7,22.8,27.1,256
58:23.0,22.8,27.3,258
58:25.3,22.8,27.2,256
58:27.5,22.8,27.1,247
58:29.8,22.8,27.1,256
58:32.1,22.8,27,256
58:34.4,22.8,26.9,256
58:36.6,22.8,26.8,256
58:38.9,22.8,26.8,254
58:41.2,22.8,26.7,242
58:43.5,22.8,26.7,256
58:45.7,22.8,26.7,250
58:48.0,22.8,26.7,254
58:50.3,22.8,26.6,247
58:52.6,22.8,26.6,247
58:54.8,22.8,26.6,243
58:57.1,22.8,26.6,222
58:59.4,22.8,26.6,227
59:01.7,22.8,26.6,217
59:03.9,22.8,26.7,249
59:06.2,22.8,26.9,232
59:08.5,22.8,27.5,235
59:10.8,22.8,27.9,240
59:13.1,22.8,27.7,238
59:15.3,22.8,27.5,238
59:17.6,22.7,27.4,237
59:19.9,22.8,27.2,237
59:22.2,22.8,27.1,237
59:24.4,22.8,27.1,237
59:26.7,22.8,27,237
59:29.0,22.7,26.9,242
59:31.3,22.7,26.9,237
59:33.5,22.7,26.8,240
59:35.8,22.8,26.7,256
59:38.1,22.7,26.7,258
59:40.4,22.7,26.7,260
59:42.6,22.7,26.7,260
59:44.9,22.7,26.8,258
59:47.2,22.7,26.8,254
59:49.5,22.7,26.8,258
59:51.7,22.7,26.9,258
59:54.0,22.7,27.3,258
59:56.3,22.7,27.6,254
59:58.6,22.7,27.8,256
00:00.9,22.7,27.7,258
00:03.1,22.7,27.5,86
00:05.4,22.7,27.4,86
00:07.7,22.7,27.2,86
00:10.0,22.7,27.1,86
00:12.2,22.7,27,81
00:14.5,22.7,26.8,79
00:16.8,22.7,26.9,79
00:19.1,22.7,27.2,80
00:21.3,22.7,27,78
00:23.6,22.7,26.6,79
00:25.9,22.7,26.3,79
00:28.2,22.7,26.1,79
00:30.4,22.7,25.9,79
00:32.7,22.7,25.7,79
00:35.0,22.7,25.6,78
00:37.3,22.7,25.5,79
00:39.6,22.7,25.5,78
00:41.8,22.7,25.5,79
00:44.1,22.7,25.6,79
00:46.4,22.7,25.7,79
00:48.7,22.7,25.8,78
00:50.9,22.7,25.8,79
00:53.2,22.7,26.4,79
00:55.5,22.7,27.4,80
00:57.8,22.7,27.6,79
01:00.0,22.7,27.4,78
01:02.3,22.7,27.1,79
01:04.6,22.7,26.9,79
01:06.9,22.7,26.8,78
01:09.1,22.7,26.6,78
01:11.4,22.7,26.6,78
01:13.7,22.7,26.6,78
01:16.0,22.7,26.6,78
01:18.3,22.7,26.4,78
01:20.5,22.7,26.3,78
01:22.8,22.7,26.1,80
01:25.1,22.7,26.1,80
01:27.4,22.7,25.9,79
01:29.6,22.7,25.8,80
01:31.9,22.7,25.8,81
01:34.2,22.7,25.7,77
01:36.5,22.7,25.8,82
01:38.7,22.7,25.9,82
01:41.0,22.7,26.8,80
01:43.3,22.7,26.8,81
01:45.6,22.7,26.8,82
01:47.8,22.7,26.7,81
01:50.1,22.7,26.7,80
01:52.4,22.7,26.6,75
01:54.7,22.7,26.4,77
01:56.9,22.7,26.4,78
01:59.2,22.7,26.6,74
02:01.5,22.7,26.4,72
02:03.8,22.7,26.5,70
02:06.0,22.7,26.3,73
02:08.3,22.7,26.2,77
02:10.6,22.7,26.1,69
02:12.9,22.7,26,70
02:15.2,22.7,25.9,70
02:17.4,22.7,26,73
02:19.7,22.7,25.9,72
02:22.0,22.7,25.9,73
02:24.3,22.8,26.6,72
02:26.5,22.8,26.8,72
02:28.8,22.8,26.9,74
02:31.1,22.8,27,70
02:33.4,22.8,26.9,72
02:35.6,22.8,26.7,71
02:37.9,22.8,26.8,84
02:40.2,22.8,27.8,86
02:42.5,22.9,28.3,87
02:44.7,22.9,28.1,87
02:47.0,22.9,27.7,89
02:49.3,22.8,27.4,87
02:51.6,22.9,27.2,73
02:53.9,22.9,27,74
02:56.1,22.9,26.8,82
02:58.4,22.9,26.8,84
03:00.7,22.9,27.2,85
03:03.0,22.9,27.5,85
03:05.2,22.9,27.4,86
03:07.5,22.9,27.2,86
03:09.8,22.9,27,86
03:12.1,22.9,26.8,86
03:14.3,22.9,26.6,86
03:16.6,22.9,26.6,86
03:18.9,22.8,26.4,84
03:21.2,22.8,26.5,82
03:23.4,22.9,26.6,85
03:25.7,22.9,26.4,84
03:28.0,22.8,26.3,84
03:30.3,22.9,26.3,84
03:32.5,22.9,26.2,88
03:34.8,22.8,26.1,86
03:37.1,22.8,26.1,86
03:39.4,22.8,26,88
03:41.7,22.8,26,87
03:43.9,22.8,26,87
03:46.2,22.8,26,89
03:48.5,22.8,26,89
03:50.8,22.8,26,89
03:53.0,22.8,26,87
03:55.3,22.9,26.1,83
03:57.6,22.8,26.1,85
03:59.9,22.8,26.1,84
04:02.1,22.9,26.2,86
04:04.4,22.8,26.2,93
04:06.7,22.8,26.4,92
04:09.0,22.8,26.4,90
04:11.2,22.8,26.4,92
04:13.5,22.8,26.4,91
04:15.8,22.8,26.4,92
04:18.1,22.8,26.4,92
04:20.3,22.8,26.4,92
04:22.6,22.8,26.4,91
04:24.9,22.8,26.4,92
04:27.2,22.7,26.3,92
04:29.5,22.8,26.4,91
04:31.7,22.8,26.5,92
04:34.0,22.7,26.7,92
04:36.3,22.7,27,92
04:38.6,22.7,26.9,92
04:40.8,22.7,26.8,91
04:43.1,22.7,26.7,91
04:45.4,22.7,26.7,90
04:47.7,22.7,26.6,90
04:49.9,22.7,26.6,85
04:52.2,22.7,26.6,90
04:54.5,22.7,26.6,90
04:56.8,22.7,26.6,90
04:59.0,22.7,26.5,91
05:01.3,22.7,26.5,91
05:03.6,22.7,26.4,90
05:05.9,22.7,26.4,91
05:08.1,22.7,26.4,90
05:10.4,22.7,26.4,90
05:12.7,22.7,26.4,90
05:15.0,22.7,26.4,91
05:17.3,22.7,26.3,91
05:19.5,22.7,26.3,91
05:21.8,22.7,26.3,88
05:24.1,22.7,26.3,88
05:26.4,22.7,26.3,87
05:28.6,22.7,26.3,87
05:30.9,22.7,26.4,87
05:33.2,22.6,26.3,87
05:35.5,22.6,26.4,87
05:37.7,22.6,26.4,87
05:40.0,22.7,26.4,87
05:42.3,22.6,26.4,87
05:44.6,22.6,26.4,88
05:46.8,22.6,26.4,88
05:49.1,22.7,26.5,88
05:51.4,22.6,26.4,89
05:53.7,22.6,26.4,89
05:55.9,22.6,26.4,88
05:58.2,22.6,26.4,89
06:00.5,22.7,26.4,89
06:02.8,22.7,26.4,84
06:05.1,22.6,26.3,90
06:07.3,22.6,26.3,89
06:09.6,22.6,26.3,89
06:11.9,22.6,26.3,90
06:14.2,22.6,26.4,90
06:16.4,22.6,26.3,89
06:18.7,22.7,26.4,89
06:21.0,22.6,26.4,87
06:23.3,22.6,26.4,84
06:25.5,22.6,26.4,84
06:27.8,22.6,26.4,84
06:30.1,22.6,26.4,88
06:32.4,22.6,26.4,89
06:34.6,22.6,26.4,89
06:36.9,22.6,26.5,88
06:39.2,22.6,26.5,89
06:41.5,22.6,26.5,90
06:43.7,22.6,26.5,90
06:46.0,22.6,26.5,89
06:48.3,22.6,26.6,88
06:50.6,22.6,26.6,87
06:52.9,22.6,26.6,87
06:55.1,22.6,26.6,89
06:57.4,22.6,26.6,88
06:59.7,22.6,26.6,88
07:02.0,22.7,26.7,88
07:04.2,22.6,26.6,88
07:06.5,22.6,26.6,86
07:08.8,22.6,26.6,87
07:11.1,22.7,26.7,87
07:13.3,22.6,26.6,88
07:15.6,22.6,26.8,87
07:17.9,22.6,26.8,87
07:20.2,22.6,26.9,87
07:22.4,22.7,27.1,86
07:24.7,22.7,27.2,87
07:27.0,22.6,27.3,88
07:29.3,22.7,27.6,88
07:31.6,22.6,27.5,88
07:33.8,22.7,27.4,88
07:36.1,22.6,27.2,88
07:38.4,22.7,27.8,88
07:40.7,22.7,28.1,90
07:42.9,22.7,27.9,90
07:45.2,22.7,27.7,90
07:47.5,22.6,27.4,89
07:49.8,22.6,27.4,88
07:52.0,22.7,27.8,89
07:54.3,22.7,27.7,89
07:56.6,22.7,27.7,90
07:58.9,22.7,27.5,90
08:01.1,22.7,27.4,87
08:03.4,22.6,27.2,86
08:05.7,22.7,27.2,88
08:08.0,22.7,27.1,92
08:10.2,22.7,27,90
08:12.5,22.6,26.9,89
08:14.8,22.6,26.9,89
08:17.1,22.7,26.9,89
08:19.4,22.7,26.9,89
08:21.6,22.7,26.8,88
08:23.9,22.7,26.8,88
08:26.2,22.7,26.8,88
08:28.5,22.6,26.7,88
08:30.7,22.7,26.8,89
08:33.0,22.7,26.8,89
08:35.3,22.7,26.7,88
08:37.6,22.7,26.7,88
08:39.8,22.7,26.7,87
08:42.1,22.7,27.1,87
08:44.4,22.7,27.5,87
08:46.7,22.6,27.7,87
08:48.9,22.6,28.1,87
08:51.2,22.6,28.3,88
08:53.5,22.6,28.2,87
08:55.8,22.6,28.1,87
08:58.0,22.6,28.1,87
09:00.3,22.7,28.3,87
09:02.6,22.6,27.9,88
09:04.9,22.7,28.2,88
09:07.2,22.7,28.6,87
09:09.4,22.7,28.7,87
09:11.7,22.7,28.8,87
09:14.0,22.7,28.8,87
09:16.3,22.7,28.8,88
09:18.5,22.6,28.8,88
09:20.8,22.7,28.8,88
09:23.1,22.7,28.9,87
09:25.4,22.7,29,87
09:27.6,22.7,29,87
09:29.9,22.7,29,87
09:32.2,22.7,28.8,88
09:34.5,22.7,29.2,88
09:36.7,22.7,29,88
09:39.0,22.7,29,88
09:41.3,22.7,28.9,88
09:43.6,22.7,28.6,88
09:45.8,22.7,28.8,88
09:48.1,22.7,28.9,88
09:50.4,22.6,28.8,88
09:52.7,22.7,29.1,88
09:55.0,22.7,29.1,88
09:57.2,22.7,29,88
09:59.5,22.7,29,88
10:01.8,22.7,29,87
10:04.1,22.7,29.1,87
10:06.3,22.7,29,88
10:08.6,22.7,29,88
10:10.9,22.7,28.8,88
10:13.2,22.7,28.9,87
10:15.4,22.7,28.9,87
10:17.7,22.7,29,87
10:20.0,22.7,29,87
10:22.3,22.7,28.7,88
10:24.5,22.7,28.5,88
10:26.8,22.7,28.5,87
10:29.1,22.7,28.8,88
10:31.4,22.7,29,88
10:33.6,22.7,29.1,88
10:35.9,22.7,29,88
10:38.2,22.7,28.7,88
10:40.5,22.7,28.8,89
10:42.7,22.7,29.1,91
10:45.0,22.7,28.8,91
10:47.3,22.7,28.5,92
10:49.6,22.7,28.2,91
10:51.9,22.7,28,91
10:54.1,22.7,27.8,92
10:56.4,22.7,27.7,92
10:58.7,22.7,28.2,91
11:01.0,22.7,28.5,91
11:03.2,22.7,28.6,90
11:05.5,22.7,28.6,90
11:07.8,22.7,28.5,91
11:10.1,22.7,28.2,92
11:12.3,22.7,27.9,91
11:14.6,22.7,27.7,91
11:16.9,22.7,27.6,90
11:19.2,22.7,27.6,89
11:21.4,22.7,27.9,92
11:23.7,22.7,27.9,92
11:26.0,22.7,27.7,92
11:28.3,22.7,27.5,92
11:30.6,22.7,27.4,90
11:32.8,22.7,27.3,88
11:35.1,22.7,27.3,89
11:37.4,22.7,27.2,80
11:39.7,22.7,27.2,92
11:41.9,22.7,27.2,92
11:44.2,22.7,27.1,90
11:46.5,22.7,27.4,92
11:48.8,22.7,27.5,92
11:51.0,22.7,27.5,91
11:53.3,22.7,27.3,90
11:55.6,22.7,27.5,90
11:57.9,22.7,27.4,90
12:00.1,22.7,27.3,90
12:02.4,22.7,27.2,90
12:04.7,22.7,27.2,90
12:07.0,22.7,27.1,90
12:09.2,22.7,27.1,90
12:11.5,22.7,27,90
12:13.8,22.7,27,90
12:16.1,22.7,27,90
12:18.4,22.7,26.9,92
12:20.6,22.7,27,91
12:22.9,22.7,27,90
12:25.2,22.7,27,90
12:27.5,22.7,27,90
12:29.7,22.7,27,90
12:32.0,22.7,27,91
12:34.3,22.7,27.1,91
12:36.6,22.7,27.1,91
12:38.8,22.7,27.1,91
12:41.1,22.7,27.2,90
12:43.4,22.6,27.1,91
12:45.7,22.6,27.1,90
12:47.9,22.7,27.1,89
12:50.2,22.7,27.2,88
12:52.5,22.7,27.5,88
12:54.8,22.6,27.4,88
12:57.0,22.6,27.3,89
12:59.3,22.7,27.3,90
13:01.6,22.7,27.2,90
13:03.9,22.7,27.6,89
13:06.2,22.7,27.8,89
13:08.4,22.7,27.9,89
13:10.7,22.7,28.6,89
13:13.0,22.7,28.5,90
13:15.3,22.7,28.2,90
13:17.5,22.7,28,90
13:19.8,22.7,27.9,90
13:22.1,22.7,27.7,90
13:24.4,22.7,27.6,90
13:26.6,22.7,27.5,90
13:28.9,22.7,27.5,87
13:31.2,22.7,27.4,88
13:33.5,22.7,27.4,89
13:35.7,22.7,27.9,90
13:38.0,22.7,27.9,91
13:40.3,22.7,27.8,92
13:42.6,22.7,27.7,92
13:44.9,22.6,27.5,87
13:47.1,22.7,27.5,88
13:49.4,22.7,27.5,89
13:51.7,22.7,27.4,88
13:54.0,22.6,27.3,89
13:56.2,22.7,27.3,89
13:58.5,22.6,27.2,88
14:00.8,22.6,27.2,88
14:03.1,22.7,27.5,89
14:05.3,22.7,27.5,87
14:07.6,22.7,27.7,88
14:09.9,22.7,27.9,88
14:12.2,22.7,27.9,88
14:14.4,22.7,27.7,88
14:16.7,22.7,27.6,88
14:19.0,22.7,27.5,87
14:21.3,22.7,27.4,88
14:23.5,22.7,27.3,88
14:25.8,22.7,27.3,88
14:28.1,22.7,27.2,88
14:30.4,22.7,27.2,88
14:32.7,22.7,27.2,88
14:34.9,22.7,27.2,92
14:37.2,22.7,27.2,92
14:39.5,22.7,27.2,92
14:41.8,22.7,27.2,92
14:44.0,22.7,27.2,92
14:46.3,22.7,27.1,90
14:48.6,22.7,27.1,90
14:50.9,22.7,27.1,91
14:53.1,22.7,27.1,91
14:55.4,22.7,27.1,90
14:57.7,22.7,27.1,90
15:00.0,22.7,27.1,91
15:02.2,22.7,27.1,92
15:04.5,22.7,27.1,92
15:06.8,22.7,27.1,92
15:09.1,22.6,27,92
15:11.4,22.7,27.1,91
15:13.6,22.7,27.1,91
15:15.9,22.7,27.1,92
15:18.2,22.6,27,92
15:20.5,22.7,27.1,92
15:22.7,22.7,27.1,91
15:25.0,22.7,27.1,91
15:27.3,22.7,27.1,84
15:29.6,22.7,27.1,85
15:31.8,22.7,27.1,86
15:34.1,22.7,27.1,85
15:36.4,22.7,27.1,86
15:38.7,22.7,27.1,86
15:40.9,22.7,27.1,86
15:43.2,22.7,27.1,86
15:45.5,22.7,27.1,86
15:47.8,22.7,27.1,86
15:50.0,22.7,27.1,86
15:52.3,22.7,27.1,86
15:54.6,22.7,27.1,87
15:56.9,22.7,27,87
15:59.2,22.7,27,86
16:01.4,22.7,27,87
16:03.7,22.7,27,87
16:06.0,22.7,27,86
16:08.3,22.7,27,87
16:10.5,22.7,27,87
16:12.8,22.7,27,87
16:15.1,22.7,27,87
16:17.4,22.7,27,87
16:19.6,22.7,27,86
16:21.9,22.7,27,86
16:24.2,22.7,27,86
16:26.5,22.7,27,86
16:28.7,22.7,27,86
16:31.0,22.7,27.1,86
16:33.3,22.7,27.1,86
16:35.6,22.7,27.1,86
16:37.9,22.7,27.1,87
16:40.1,22.7,27.1,83
16:42.4,22.7,27,85
16:44.7,22.7,27,86
16:47.0,22.7,27,87
16:49.2,22.7,27.1,87
16:51.5,22.7,27.1,87
16:53.8,22.7,27.2,87
16:56.1,22.7,27.2,87
16:58.3,22.7,27.2,87
17:00.6,22.7,27.2,87
17:02.9,22.7,27.2,87
17:05.2,22.7,27.2,87
17:07.4,22.7,27.2,88
17:09.7,22.7,27.2,87
17:12.0,22.7,27.2,87
17:14.3,22.7,27.2,87
17:16.6,22.7,27.2,86
17:18.8,22.7,27.3,88
17:21.1,22.7,27.3,88
17:23.4,22.7,28.2,88
17:25.6,22.7,28.4,88
17:27.9,22.7,28.4,89
17:30.2,22.7,28.3,88
17:32.5,22.7,28.1,88
17:34.8,22.7,28,89
17:37.0,22.7,27.8,89
17:39.3,22.7,27.7,88
17:41.6,22.7,27.7,91
17:43.9,22.7,27.6,90
17:46.1,22.7,27.5,91
17:48.4,22.7,27.5,90
17:50.7,22.7,28.4,90
17:53.0,22.7,28.2,89
17:55.2,22.7,28.1,89
17:57.5,22.7,27.9,89
17:59.8,22.7,27.8,89
18:02.1,22.7,27.7,89
18:04.3,22.7,27.6,89
18:06.6,22.7,27.8,88
18:08.9,22.7,27.9,89
18:11.2,22.7,28.3,88
18:13.5,22.7,28.3,89
18:15.7,22.7,28.2,90
18:18.0,22.7,28,89
18:20.3,22.7,28.1,89
18:22.6,22.7,28.6,89
18:24.8,22.7,28.6,89
18:27.1,22.7,28.4,89
18:29.4,22.7,28.2,90
18:31.7,22.7,29,90
18:33.9,22.7,29.1,89
18:36.2,22.7,28.9,89
18:38.5,22.7,29.1,89
18:40.8,22.7,29,89
18:43.0,22.7,28.8,89
18:45.3,22.7,28.5,89
18:47.6,22.7,28.4,90
18:49.9,22.7,28.3,89
18:52.2,22.7,28.1,89
18:54.4,22.7,28,89
18:56.7,22.7,27.9,89
18:59.0,22.7,27.9,90
19:01.3,22.7,27.8,89
19:03.5,22.7,27.8,89
19:05.8,22.7,28.3,89
19:08.1,22.7,28.3,90
19:10.4,22.7,28.3,89
19:12.6,22.7,28.1,90
19:14.9,22.7,28.5,89
19:17.2,22.7,28.5,88
19:19.5,22.7,28.5,89
19:21.7,22.7,28.3,89
19:24.0,22.7,28.2,90
19:26.3,22.7,28.3,90
19:28.6,22.7,28.3,90
19:30.8,22.7,28.1,89
19:33.1,22.7,28,88
19:35.4,22.7,27.9,88
19:37.7,22.7,27.8,89
19:40.0,22.7,27.7,90
19:42.2,22.7,27.7,88
19:44.5,22.7,27.7,88
19:46.8,22.7,27.7,90
19:49.1,22.7,27.6,90
19:51.3,22.7,27.6,91
19:53.6,22.7,27.7,94
19:55.9,22.7,27.9,91
19:58.2,22.7,27.9,90
20:00.4,22.7,27.9,86
20:02.7,22.7,27.8,86
20:05.0,22.7,27.9,88
20:07.3,22.7,28.2,88
20:09.5,22.7,28.2,87
20:11.8,22.7,28.1,91
20:14.1,22.7,28,90
20:16.4,22.8,27.9,90
20:18.7,22.7,27.8,91
20:20.9,22.7,27.7,88
20:23.2,22.7,27.7,87
20:25.5,22.8,27.6,88
20:27.8,22.7,27.5,86
20:30.0,22.8,27.5,86
20:32.3,22.8,27.5,87
20:34.6,22.8,27.5,89
20:36.9,22.7,27.5,87
20:39.1,22.8,27.5,87
20:41.4,22.8,27.5,86
20:43.7,22.7,27.5,86
20:46.0,22.8,27.5,88
20:48.2,22.8,27.5,88
20:50.5,22.8,27.5,90
20:52.8,22.8,27.6,88
20:55.1,22.8,27.6,89
20:57.3,22.8,27.5,91
20:59.6,22.8,27.9,91
21:01.9,22.8,28.4,92
21:04.2,22.8,28.5,92
21:06.5,22.8,28.5,91
21:08.7,22.8,28.6,92
21:11.0,22.8,28.5,91
21:13.3,22.8,28.4,91
21:15.6,22.8,28.2,85
21:17.8,22.8,28.1,85
21:20.1,22.8,28,86
21:22.4,22.8,27.9,87
21:24.7,22.8,27.9,87
21:26.9,22.8,27.8,85
21:29.2,22.8,27.8,86
21:31.5,22.8,27.7,85
21:33.8,22.8,27.7,84
21:36.0,22.8,27.7,86
21:38.3,22.8,27.6,86
21:40.6,22.8,27.6,85
21:42.9,22.9,27.7,83
21:45.1,22.8,27.5,89
21:47.4,22.8,27.5,88
21:49.7,22.8,27.5,89
21:52.0,22.8,27.7,91
21:54.3,22.8,28,91
21:56.5,22.8,28.1,91
21:58.8,22.8,28,92
22:01.1,22.8,27.9,92
22:03.4,22.8,27.9,89
22:05.6,22.8,27.9,91
22:07.9,22.8,27.9,91
22:10.2,22.9,27.9,91
22:12.5,22.8,27.7,91
22:14.7,22.9,27.8,91
22:17.0,22.9,27.8,92
22:19.3,22.9,27.7,92
22:21.6,22.9,27.7,91
22:23.8,22.9,27.7,92
22:26.1,22.9,27.7,90
22:28.4,22.9,27.7,89
22:30.7,22.9,27.7,92
22:32.9,22.9,27.7,92
22:35.2,22.9,27.6,91
22:37.5,22.9,27.6,92
22:39.8,22.8,27.5,92
22:42.1,22.9,27.5,89
22:44.3,22.8,27.5,88
22:46.6,22.8,27.5,88
22:48.9,22.9,27.6,88
22:51.2,22.9,27.6,88
22:53.4,22.9,27.7,88
22:55.7,22.9,27.7,88
22:58.0,22.9,27.7,88
23:00.3,22.9,27.7,88
23:02.5,22.9,27.7,91
23:04.8,22.9,27.7,92
23:07.1,22.9,27.9,92
23:09.4,22.9,27.9,92
23:11.6,22.9,28,96
23:13.9,22.9,28,96
23:16.2,22.9,27.9,96
23:18.5,22.9,27.9,96
23:20.8,22.9,27.8,97
23:23.0,22.9,27.8,96
23:25.3,22.9,27.7,95
23:27.6,22.8,27.6,92
23:29.9,22.9,27.7,92
23:32.1,22.9,27.7,92
23:34.4,22.9,27.7,94
23:36.7,22.9,27.7,94
23:39.0,22.9,27.7,94
23:41.2,22.9,27.7,94
23:43.5,22.9,27.7,94
23:45.8,22.9,27.6,94
23:48.1,22.9,27.6,94
23:50.3,22.9,27.6,93
23:52.6,22.9,27.6,93
23:54.9,22.9,27.6,92
23:57.2,22.9,27.6,92
23:59.5,22.9,27.6,93
24:01.7,22.9,27.6,93
24:04.0,22.9,27.6,92
24:06.3,22.9,27.6,94
24:08.6,22.9,27.7,93
24:10.8,22.9,27.7,94
24:13.1,22.9,27.7,93
24:15.4,22.9,27.7,94
24:17.7,22.9,27.7,93
24:19.9,22.8,27.6,93
24:22.2,22.9,27.7,92
24:24.5,22.9,27.7,92
24:26.8,22.9,27.7,93
24:29.0,22.9,27.7,93
24:31.3,22.9,27.7,92
24:33.6,22.9,27.7,91
24:35.9,22.9,27.6,95
24:38.1,22.9,27.7,96
24:40.4,22.9,27.6,96
24:42.7,22.9,27.6,93
24:45.0,22.9,27.6,94
24:47.3,22.9,27.6,93
24:49.5,22.9,27.6,93
24:51.8,22.9,27.6,94
24:54.1,22.9,27.6,94
24:56.4,22.9,27.6,94
24:58.6,22.9,27.6,94
25:00.9,22.9,27.6,93
25:03.2,22.9,27.6,93
25:05.5,22.9,27.6,92
25:07.7,22.9,27.6,93
25:10.0,22.9,27.6,92
25:12.3,22.9,27.7,92
25:14.6,22.9,27.7,92
25:16.8,22.9,27.7,90
25:19.1,22.9,27.7,91
25:21.4,22.9,27.7,91
25:23.7,22.9,27.7,93
25:26.0,22.9,27.7,92
25:28.2,22.9,27.7,94
25:30.5,22.9,27.7,92
25:32.8,22.8,27.6,94
25:35.1,22.9,27.7,94
25:37.3,22.9,27.7,94
25:39.6,22.9,27.7,94
25:41.9,22.9,27.7,93
25:44.2,22.9,27.7,94
25:46.4,22.9,27.7,94
25:48.7,22.9,27.7,94
25:51.0,22.9,27.7,92
25:53.3,22.9,27.8,87
25:55.5,22.8,27.7,88
25:57.8,22.9,28.2,87
26:00.1,22.9,28.3,88
26:02.4,22.9,28.4,89
26:04.6,22.9,28.3,89
26:06.9,22.9,28.2,88
26:09.2,22.9,28.2,89
26:11.5,22.9,28.2,89
26:13.8,22.9,28.2,88
26:16.0,22.9,28.1,90
26:18.3,22.9,28.1,90
26:20.6,22.9,28,83
26:22.9,22.9,28,87
26:25.1,22.9,28.1,93
26:27.4,22.9,28.1,88
26:29.7,22.9,28,89
26:32.0,22.9,28,88
26:34.2,22.9,28,88
26:36.5,22.9,27.9,87
26:38.8,22.9,27.9,87
26:41.1,22.9,27.9,87
26:43.3,22.9,27.9,88
26:45.6,22.9,27.8,88
26:47.9,22.9,27.8,89
26:50.2,22.9,27.8,90
26:52.5,22.9,27.8,89
26:54.7,22.9,27.9,90
26:57.0,22.9,27.9,90
26:59.3,22.9,28.5,90
27:01.6,22.9,28.4,90
27:03.8,22.9,28.4,90
27:06.1,22.9,28.3,89
27:08.4,22.9,28.2,89
27:10.7,22.9,28.1,90
27:12.9,22.9,28,90
27:15.2,22.9,28,90
27:17.5,22.9,27.9,89
27:19.8,23,27.9,90
27:22.0,22.9,27.9,90
27:24.3,22.9,28.5,90
27:26.6,22.9,28.8,91
27:28.9,22.9,29.5,90
27:31.1,22.9,30,90
27:33.4,23,30,89
27:35.7,22.9,29.6,89
27:38.0,22.9,29.3,90
27:40.3,22.9,29.1,90
27:42.5,23,29.5,90
27:44.8,22.9,29.6,90
27:47.1,22.9,29.2,90
27:49.4,22.9,29.4,90
27:51.6,22.9,29.5,90
27:53.9,22.9,29.5,90
27:56.2,22.9,29.7,90
27:58.5,22.9,29.8,90
28:00.7,22.9,29.6,90
28:03.0,23,29.3,90
28:05.3,22.9,29.1,90
28:07.6,22.9,28.8,90
28:09.8,23,28.6,90
28:12.1,22.9,28.5,91
28:14.4,22.9,28.4,90
28:16.7,22.9,28.3,89
28:18.9,23,28.2,90
28:21.2,23,28.2,90
28:23.5,22.9,28.1,90
28:25.8,22.9,28.3,90
28:28.1,23,28.3,90
28:30.3,23,28.8,90
28:32.6,23,28.9,90
28:34.9,23,28.8,90
28:37.2,22.9,28.6,90
28:39.4,23,28.5,90
28:41.7,23,28.3,90
28:44.0,23,28.3,91
28:46.3,23,28.2,90
28:48.5,22.9,28.1,89
28:50.8,22.9,28.1,89
28:53.1,23,28,90
28:55.4,22.9,28,90
28:57.6,22.9,27.9,91
28:59.9,23,28.2,91
29:02.2,22.9,28.4,91
29:04.5,22.9,28.4,91
29:06.7,23,28.3,91
29:09.0,23,28.3,91
29:11.3,22.9,28.2,92
29:13.6,23,28.1,93
29:15.9,22.9,28.1,91
29:18.1,23,28.1,88
29:20.4,22.9,28,90
29:22.7,23,28,90
29:25.0,23,28,90
29:27.2,23,28.1,91
29:29.5,23,28,91
29:31.8,22.9,28,90
29:34.1,22.9,28.4,91
29:36.3,22.9,28.4,91
29:38.6,22.9,28.4,91
29:40.9,22.9,28.3,92
29:43.2,23,28.2,92
29:45.4,23,28.2,93
29:47.7,23,28.1,92
29:50.0,22.9,28.1,92
29:52.3,22.9,28.1,88
29:54.5,22.9,28.1,92
29:56.8,23,28.1,92
29:59.1,22.9,28.1,92
30:01.4,23,28.1,92
30:03.6,23,28.1,92
30:05.9,23,28,90
30:08.2,23,28,91
30:10.5,23,28,92
30:12.8,23,28,92
30:15.0,23,27.9,92
30:17.3,23,27.9,93
30:19.6,23,27.9,92
30:21.9,23,27.9,92
30:24.1,23,27.9,93
30:26.4,23,27.9,92
30:28.7,23,27.9,91
30:31.0,23,27.8,92
30:33.2,23,27.8,90
30:35.5,23,27.8,91
30:37.8,23,27.8,91
30:40.1,23,28,88
30:42.3,23,28.2,91
30:44.6,23.1,28.3,92
30:46.9,23,28.1,93
30:49.2,23,28.3,94
30:51.5,23.1,28.3,94
30:53.7,23,28.1,95
30:56.0,23.1,28.1,94
30:58.3,23,27.9,95
31:00.6,23.1,28,91
31:02.8,23.1,27.9,91
31:05.1,23.1,28.2,92
31:07.4,23.1,28.3,92
31:09.7,23.1,28.3,90
31:11.9,23,28.1,88
31:14.2,23.1,28.1,87
31:16.5,23.1,28.1,90
31:18.8,23.1,28,90
31:21.0,23,27.9,90
31:23.3,23,27.9,90
31:25.6,23.1,27.9,90
31:27.9,23,27.8,91
31:30.2,23.1,27.9,91
31:32.4,23,27.8,92
31:34.7,23.1,27.9,92
31:37.0,23,27.8,91
31:39.3,23.1,27.9,91
31:41.5,23.1,27.9,91
31:43.8,23.1,27.9,91
31:46.1,23.1,27.9,92
31:48.4,23,27.8,91
31:50.6,23,27.7,91
31:52.9,23.1,27.8,91
31:55.2,23,27.7,91
31:57.5,23.1,27.8,92
31:59.7,23.1,27.8,91
32:02.0,23.1,27.8,91
32:04.3,23,27.7,91
32:06.6,23.1,27.9,91
32:08.8,23.1,27.9,91
32:11.1,23.1,27.9,92
32:13.4,23,27.8,92
32:15.7,23.1,28,92
32:18.0,23,27.9,92
32:20.2,23,27.9,91
32:22.5,23.1,28,92
32:24.8,23.1,28,92
32:27.1,23.1,28,92
32:29.3,23,27.9,91
32:31.6,23,27.9,89
32:33.9,23,27.9,91
32:36.2,23.1,27.9,91
32:38.4,23,27.9,94
32:40.7,23,27.9,94
32:43.0,23,27.9,92
32:45.3,23,27.9,92
32:47.5,23,27.9,92
32:49.8,23,27.9,92
32:52.1,23.1,28,92
32:54.4,23.1,28,92
32:56.7,23.1,28,92
32:58.9,23.1,28,92
33:01.2,23,27.9,93
33:03.5,23.1,28,92
33:05.8,23.1,28,92
33:08.0,23.1,28,92
33:10.3,23,27.9,92
33:12.6,23,27.9,91
33:14.9,23,28.3,91
33:17.1,23.1,28.5,91
33:19.4,23.1,28.5,92
33:21.7,23,28.3,92
33:24.0,23.1,28.3,92
33:26.2,23,28.1,92
33:28.5,23.1,28.1,92
33:30.8,23,28,92
33:33.1,23,27.9,90
33:35.3,23,27.9,92
33:37.6,23,27.9,92
33:39.9,23,27.9,92
33:42.2,23,27.9,92
33:44.5,23,28.7,92
33:46.7,23.1,28.9,92
33:49.0,23,28.8,92
33:51.3,23,28.7,93
33:53.6,23,28.6,91
33:55.8,23.1,28.5,91
33:58.1,23,28.3,92
34:00.4,23.1,28.4,88
34:02.7,23.1,28.3,88
34:04.9,23.1,28.2,89
34:07.2,23,28.1,92
34:09.5,23,28,90
34:11.8,23,28,90
34:14.0,23.1,28,90
34:16.3,23,27.9,90
34:18.6,23.1,28,90
34:20.9,23,27.9,90
34:23.1,23.1,27.9,90
34:25.4,23.1,27.9,90
34:27.7,23.1,28,91
34:30.0,23,27.9,90
34:32.3,23,27.9,91
34:34.5,23,27.9,89
34:36.8,23.1,27.9,90
34:39.1,23.1,28,91
34:41.4,23,27.9,91
34:43.6,23,27.9,91
34:45.9,23,27.9,92
34:48.2,23.1,28,92
34:50.5,23,27.9,91
34:52.7,23,27.9,91
34:55.0,23,27.9,90
34:57.3,23,28,91
34:59.6,23.1,28.1,92
35:01.8,23,28,90
35:04.1,23,28,90
35:06.4,23,28,90
35:08.7,23,28,92
35:11.0,23.1,28.1,96
35:13.2,23,28,92
35:15.5,23,27.9,92
35:17.8,23,28,91
35:20.1,23,27.9,90
35:22.3,23,27.9,89
35:24.6,23.1,28.1,90
35:26.9,23,28,91
35:29.2,23,28,90
35:31.4,23,28,90
35:33.7,23,28,90
35:36.0,23.1,28.1,90
35:38.3,23.1,28.1,90
35:40.5,23,28,90
35:42.8,23.1,28.1,90
35:45.1,23.1,28.1,89
35:47.4,23.1,28.1,89
35:49.6,23.1,28.1,90
35:51.9,23.1,28.4,90
35:54.2,23.1,28.6,90
35:56.5,23.1,28.6,91
35:58.8,23.1,28.7,90
36:01.0,23.1,28.7,90
36:03.3,23.1,28.5,90
36:05.6,23.1,28.5,90
36:07.9,23.1,28.4,91
36:10.1,23.1,28.3,91
36:12.4,23,28.2,90
36:14.7,23,28.1,90
36:17.0,23.1,28.7,89
36:19.2,23,28.7,89
36:21.5,23,28.6,89
36:23.8,23,28.5,90
36:26.1,23.1,28.4,90
36:28.3,23,28.3,90
36:30.6,23,28.2,89
36:32.9,23,28.2,89
36:35.2,23,28.1,89
36:37.4,23,28.1,90
36:39.7,23,28,90
36:42.0,23.1,28.1,91
36:44.3,23,27.9,90
36:46.6,23.1,28,91
36:48.8,23,27.9,90
36:51.1,23.1,28.1,89
36:53.4,23,28,90
36:55.7,23,28,90
36:57.9,23,28,90
37:00.2,23.1,28.1,90
37:02.5,23.1,28.1,89
37:04.8,23,28.8,90
37:07.0,23,29.3,90
37:09.3,23,29.3,91
37:11.6,23,29.1,91
37:13.9,23,29,90
37:16.1,23,28.9,90
37:18.4,23,29.1,90
37:20.7,23,29.6,89
37:23.0,23.1,30.1,90
37:25.2,23.1,29.8,90
37:27.5,23.1,29.5,90
37:29.8,23,29.2,89
37:32.1,23.1,29,90
37:34.4,23.1,28.8,90
37:36.6,23,28.6,90
37:38.9,23.1,28.6,91
37:41.2,23.1,28.7,91
37:43.5,23.1,28.7,91
37:45.7,23.1,28.6,91
37:48.0,23,28.5,90
37:50.3,23.1,28.5,90
37:52.6,23,28.4,91
37:54.8,23,28.3,91
37:57.1,23.1,28.3,92
37:59.4,23,28.2,91
38:01.7,23,28.2,91
38:03.9,23,28.2,91
38:06.2,23,28.2,90
38:08.5,23,28.2,91
38:10.8,23.1,28.3,91
38:13.0,23,28.2,91
38:15.3,23,28.2,90
38:17.6,23,28.2,90
38:19.9,23.1,28.3,90
38:22.2,23,28.1,90
38:24.4,23.1,28.2,90
38:26.7,23,28.1,91
38:29.0,23,28.1,91
38:31.3,23.1,28.2,90
38:33.5,23.1,28.2,90
38:35.8,23,28.1,90
38:38.1,23.1,28.2,90
38:40.4,23,28.1,90
38:42.6,23.1,28.2,91
38:44.9,23.1,28.2,90
38:47.2,23.1,28.2,90
38:49.5,23,28.1,90
38:51.7,23,28.1,90
38:54.0,23,28.1,90
38:56.3,23.1,28.3,90
38:58.6,23,28.2,91
39:00.8,23,28.2,91
39:03.1,23,28.2,90
39:05.4,23,28.2,90
39:07.7,23,28.2,90
39:10.0,23.1,28.3,90
39:12.2,23.1,28.5,90
39:14.5,23.1,29.3,88
39:16.8,23,29.6,74
39:19.1,23,29.5,86
39:21.3,23,29.4,85
39:23.6,23.1,29.9,86
39:25.9,23.1,29.6,86
39:28.2,23.1,29.4,86
39:30.4,23,29.1,87
39:32.7,23,29.1,87
39:35.0,23,28.9,87
39:37.3,23,28.8,87
39:39.5,23.1,28.7,87
39:41.8,23,28.5,87
39:44.1,23,28.5,87
39:46.4,23,28.9,88
39:48.6,23,29.1,87
39:50.9,23.1,29.9,87
39:53.2,23,30.3,87
39:55.5,23,30.1,87
39:57.8,23.1,29.9,87
40:00.0,23.1,30.1,88
40:02.3,23.1,29.9,88
40:04.6,23.1,30.4,86
40:06.9,23,30.6,87
40:09.1,23,30.5,87
40:11.4,23,30,86
40:13.7,23,29.7,87
40:16.0,23.1,29.5,87
40:18.2,23,29.2,87
40:20.5,23,29,86
40:22.8,23,28.8,86
40:25.1,23.1,28.8,86
40:27.3,23.1,28.7,87
40:29.6,23,28.5,88
40:31.9,23,28.5,88
40:34.2,23.1,28.5,88
40:36.4,23.1,28.5,87
40:38.7,23.1,28.5,87
40:41.0,23.1,28.5,89
40:43.3,23,28.6,90
40:45.5,23,28.6,90
40:47.8,23,28.6,90
40:50.1,23,28.6,89
40:52.4,23.1,28.7,90
40:54.7,23.1,28.6,90
40:56.9,23.1,28.6,89
40:59.2,23.1,28.6,89
41:01.5,23.1,28.5,89
41:03.8,23.1,28.5,88
41:06.0,23.1,28.5,88
41:08.3,23.1,28.5,87
41:10.6,23.1,28.5,88
41:12.9,23.1,28.5,88
41:15.1,23.1,28.5,88
41:17.4,23.1,28.5,88
41:19.7,23.1,28.5,88
41:22.0,23.1,28.4,88
41:24.2,23.1,28.5,88
41:26.5,23.1,28.4,88
41:28.8,23.1,28.4,88
41:31.1,23.1,28.4,88
41:33.4,23.1,28.4,88
41:35.6,23.1,28.5,88
41:37.9,23.1,28.6,88
41:40.2,23.1,28.6,88
41:42.5,23.1,28.5,89
41:44.7,23.1,28.5,89
41:47.0,23.1,28.5,89
41:49.3,23.1,28.5,89
41:51.6,23.1,28.5,88
41:53.8,23.1,28.4,88
41:56.1,23.1,28.4,89
41:58.4,23.1,28.4,90
42:00.7,23.1,28.3,90
42:02.9,23.1,28.4,89
42:05.2,23.1,28.3,88
42:07.5,23.1,28.3,88
42:09.8,23.1,28.3,88
42:12.0,23.1,28.3,89
42:14.3,23.1,28.3,89
42:16.6,23.1,28.3,89
42:18.9,23.1,28.3,88
42:21.1,23.1,28.3,88
42:23.4,23.1,28.3,87
42:25.7,23.1,28.4,88
42:28.0,23.1,28.4,88
42:30.3,23.1,28.4,88
42:32.5,23.1,28.4,87
42:34.8,23.1,28.4,87
42:37.1,23.1,28.4,88
42:39.4,23.1,28.4,87
42:41.6,23.1,28.4,88
42:43.9,23.1,28.4,88
42:46.2,23.1,28.4,87
42:48.5,23.1,28.4,87
42:50.7,23.1,28.4,87
42:53.0,23.1,28.4,87
42:55.3,23.1,28.4,88
42:57.6,23.1,28.5,90
42:59.8,23.1,28.4,90
43:02.1,23.1,28.5,94
43:04.4,23.1,28.7,92
43:06.7,23.1,28.7,90
43:09.0,23.1,28.7,90
43:11.2,23.1,28.8,90
43:13.5,23.1,29.6,90
43:15.8,23.1,30.1,90
43:18.1,23.1,30.1,90
43:20.3,23.1,29.8,90
43:22.6,23.1,29.6,89
43:24.9,23.1,29.4,90
43:27.2,23.1,29.2,90
43:29.4,23.1,29.1,90
43:31.7,23.1,28.9,90
43:34.0,23.1,28.8,90
43:36.3,23.1,28.7,90
43:38.5,23.2,28.6,89
43:40.8,23.1,28.5,89
43:43.1,23.1,28.5,90
43:45.4,23.1,28.4,90
43:47.6,23.1,28.4,90
43:49.9,23.1,28.4,89
43:52.2,23.1,28.4,89
43:54.5,23.1,28.4,88
43:56.8,23.1,28.4,89
43:59.0,23.1,28.4,88
44:01.3,23.1,28.4,89
44:03.6,23.1,28.3,88
44:05.9,23.2,28.4,88
44:08.1,23.1,28.4,88
44:10.4,23.1,28.4,88
44:12.7,23.1,28.4,88
44:15.0,23.1,28.4,88
44:17.2,23.1,28.4,88
44:19.5,23.2,28.4,88
44:21.8,23.1,28.3,88
44:24.1,23.1,28.3,87
44:26.3,23.1,28.3,88
44:28.6,23.1,28.3,87
44:30.9,23.1,28.3,88
44:33.2,23.1,28.3,89
44:35.4,23.1,28.3,89
44:37.7,23.1,28.8,89
44:40.0,23.1,29,88
44:42.3,23.1,29,88
44:44.6,23.1,28.9,87
44:46.8,23.1,28.8,88
44:49.1,23.1,28.7,87
44:51.4,23.1,28.6,88
44:53.7,23.2,28.6,89
44:55.9,23.2,28.5,89
44:58.2,23.1,28.5,88
45:00.5,23.2,28.3,88
45:02.8,23.1,28.3,87
45:05.0,23.1,28.3,87
45:07.3,23.1,28.2,87
45:09.6,23.1,28.2,87
45:11.9,23.2,28.2,87
45:14.1,23.1,28.2,87
45:16.4,23.1,28.2,89
45:18.7,23.1,28.2,87
45:21.0,23.1,28.2,87
45:23.2,23.1,28.2,86
45:25.5,23.1,28.2,85
45:27.8,23.1,28.2,85
45:30.1,23.1,28.2,90
45:32.3,23.1,28.2,89
45:34.6,23.1,28.2,89
45:36.9,23.2,28.2,89
45:39.2,23.2,28.2,89
45:41.5,23.1,28.2,88
45:43.7,23.1,28.2,88
45:46.0,23.1,28.2,88
45:48.3,23.1,28.2,86
45:50.6,23.1,28.2,86
45:52.8,23.1,28.2,85
45:55.1,23.1,28.2,84
45:57.4,23.1,28.2,87
45:59.7,23.1,28.3,89
46:01.9,23.1,28.3,90
46:04.2,23.2,28.3,89
46:06.5,23.2,28.3,88
46:08.8,23.1,28.4,88
46:11.0,23.2,28.4,86
46:13.3,23.1,28.4,87
46:15.6,23.1,28.5,87
46:17.9,23.1,28.5,84
46:20.1,23.1,28.5,86
46:22.4,23.2,28.5,87
46:24.7,23.1,28.5,89
46:27.0,23.1,28.6,88
46:29.3,23.1,29.1,89
46:31.5,23.1,29.2,88
46:33.8,23.1,29.2,87
46:36.1,23.1,29.2,86
46:38.4,23.1,29.2,87
46:40.6,23.1,29.1,86
46:42.9,23.2,29,86
46:45.2,23.2,29,86
46:47.5,23.1,29,90
46:49.7,23.2,29,90
46:52.0,23.1,29.4,90
46:54.3,23.2,29.7,90
46:56.6,23.1,30.3,90
46:58.8,23.2,30.4,91
47:01.1,23.2,30.5,91
47:03.4,23.2,30.4,91
47:05.7,23.2,30.3,90
47:07.9,23.1,30.1,91
47:10.2,23.2,29.8,90
47:12.5,23.2,29.6,90
47:14.8,23.2,29.4,90
47:17.1,23.2,29.2,90
47:19.3,23.2,29.2,90
47:21.6,23.2,29,90
47:23.9,23.2,29.1,90
47:26.2,23.2,29.4,90
47:28.4,23.1,30.4,90
47:30.7,23.2,30.6,90
47:33.0,23.2,30.5,91
47:35.3,23.2,30.1,91
47:37.5,23.2,30,90
47:39.8,23.2,29.8,90
47:42.1,23.2,29.6,87
47:44.4,23.2,29.8,89
47:46.6,23.2,29.8,90
47:48.9,23.2,29.7,95
47:51.2,23.2,29.6,96
47:53.5,23.2,29.4,92
47:55.7,23.2,29.2,89
47:58.0,23.2,29.2,96
48:00.3,23.2,29.2,97
48:02.6,23.2,29.3,96
48:04.9,23.2,29.2,97
48:07.1,23.2,29.2,96
48:09.4,23.2,29,96
48:11.7,23.2,28.9,80
48:14.0,23.2,28.8,87
48:16.2,23.2,28.8,87
48:18.5,23.2,28.8,87
48:20.8,23.2,28.8,88
48:23.1,23.2,28.8,88
48:25.3,23.2,28.7,86
48:27.6,23.2,28.7,86
48:29.9,23.2,28.7,86
48:32.2,23.2,28.7,86
48:34.4,23.2,28.8,84
48:36.7,23.2,28.8,87
48:39.0,23.2,28.8,88
48:41.3,23.2,28.8,90
48:43.5,23.2,28.8,90
48:45.8,23.2,28.8,90
48:48.1,23.2,28.9,90
48:50.4,23.2,28.9,90
48:52.6,23.2,29,91
48:54.9,23.2,29,91
48:57.2,23.2,29,90
48:59.5,23.2,29,89
49:01.8,23.2,29.1,89
49:04.0,23.2,29.2,89
49:06.3,23.2,29.1,88
49:08.6,23.2,29.1,88
49:10.9,23.2,29,89
49:13.1,23.2,29,89
49:15.4,23.2,28.9,89
49:17.7,23.2,28.9,89
49:20.0,23.2,29,89
49:22.2,23.2,29.3,88
49:24.5,23.2,29.5,88
49:26.8,23.2,29.5,88
49:29.1,23.2,29.4,88
49:31.3,23.2,29.3,88
49:33.6,23.2,29.2,78
49:35.9,23.2,29.6,80
49:38.2,23.2,29.7,81
49:40.4,23.2,29.4,82
49:42.7,23.2,29.2,82
49:45.0,23.2,29.2,82
49:47.3,23.2,29,82
49:49.6,23.2,28.9,82
49:51.8,23.2,28.9,81
49:54.1,23.2,28.8,79
49:56.4,23.2,28.8,81
49:58.7,23.2,28.8,82
50:00.9,23.3,28.9,82
50:03.2,23.2,28.8,83
50:05.5,23.2,28.8,85
50:07.8,23.2,28.8,93
50:10.0,23.2,28.9,99
50:12.3,23.3,29,101
50:14.6,23.2,29,94
50:16.9,23.2,29,99
50:19.1,23.2,29,101
50:21.4,23.2,28.9,102
50:23.7,23.2,28.9,103
50:26.0,23.2,28.8,103
50:28.2,23.2,28.8,102
50:30.5,23.2,28.8,101
50:32.8,23.2,28.9,100
50:35.1,23.1,28.9,99
50:37.3,23.2,28.9,99
50:39.6,23.1,28.9,98
50:41.9,23.1,28.8,100
50:44.2,23.1,28.8,102
50:46.5,23.1,28.8,103
50:48.7,23.1,28.8,104
50:51.0,23.1,28.8,104
50:53.3,23,28.8,104
50:55.6,23,28.8,103
50:57.8,23,28.9,103
51:00.1,23,28.9,103
51:02.4,23,29,103
51:04.7,23,29,103
51:06.9,23,29,103
51:09.2,23,29,104
51:11.5,23,28.9,104
51:13.8,23,28.8,103
51:16.0,23,28.8,103
51:18.3,23,28.6,103
51:20.6,23,28.5,104
51:22.9,23,28.5,102
51:25.1,23,28.3,103
51:27.4,22.9,28.3,103
51:29.7,23,28.2,102
51:32.0,22.9,28.2,102
51:34.3,23,28.2,103
51:36.5,23,28.2,104
51:38.8,22.9,28.2,103
51:41.1,22.9,28.2,102
51:43.4,22.9,28.2,102
51:45.6,22.9,28.3,101
51:47.9,22.8,28.2,100
51:50.2,22.9,28.2,101
51:52.5,22.9,28.1,102
51:54.7,22.8,28,97
51:57.0,22.8,28,101
51:59.3,22.9,28,103
52:01.6,22.8,28,103
52:03.8,22.8,28.2,104
52:06.1,22.8,28.3,104
52:08.4,22.8,28.3,104
52:10.7,22.8,28.3,104
52:12.9,22.8,28.4,104
52:15.2,22.8,28.4,104
52:17.5,22.8,28.5,104
52:19.8,22.8,28.6,103
52:22.1,22.8,28.6,104
52:24.3,22.7,28.7,104
52:26.6,22.8,28.7,104
52:28.9,22.7,28.7,104
52:31.2,22.8,28.7,104
52:33.4,22.8,28.6,104
52:35.7,22.8,28.7,104
52:38.0,22.7,28.7,104
52:40.3,22.7,28.7,105
52:42.5,22.7,28.6,104
52:44.8,22.7,28.6,104
52:47.1,22.8,28.5,104
52:49.4,22.8,28.5,104
52:51.6,22.7,28.5,104
52:53.9,22.7,28.4,104
52:56.2,22.7,28.3,104
52:58.5,22.7,28.3,104
53:00.7,22.7,28.2,104
53:03.0,22.7,28.1,103
53:05.3,22.7,28.1,101
53:07.6,22.7,28.1,103
53:09.9,22.7,27.9,104
53:12.1,22.7,27.9,104
53:14.4,22.7,27.7,104
53:16.7,22.7,27.6,104
53:19.0,22.7,27.5,104
53:21.2,22.7,27.4,104
53:23.5,22.7,27.2,104
53:25.8,22.7,27.2,104
53:28.1,22.7,27.2,104
53:30.3,22.7,27.2,104
53:32.6,22.6,27.1,104
53:34.9,22.6,27.1,104
53:37.2,22.6,27.2,104
53:39.4,22.6,27.2,104
53:41.7,22.6,27.2,103
53:44.0,22.6,27.2,104
53:46.3,22.6,27.2,104
53:48.5,22.6,27.2,104
53:50.8,22.6,27.2,104
53:53.1,22.6,27.2,104
53:55.4,22.6,27.2,103
53:57.7,22.5,27.3,104
53:59.9,22.5,27.3,104
54:02.2,22.5,27.3,104
54:04.5,22.5,27.2,103
54:06.8,22.6,27.1,104
54:09.0,22.5,27,104
54:11.3,22.5,27,104
54:13.6,22.5,27,104
54:15.9,22.5,27,104
54:18.1,22.5,27,104
54:20.4,22.5,27,103
54:22.7,22.5,27,103
54:25.0,22.5,27,104
54:27.2,22.5,27,104
54:29.5,22.5,26.9,104
54:31.8,22.5,26.8,104
54:34.1,22.5,26.7,103
54:36.4,22.5,26.7,104
54:38.6,22.5,26.7,104
54:40.9,22.5,26.6,104
54:43.2,22.5,26.5,104
54:45.5,22.5,26.6,104
54:47.7,22.4,26.6,104
54:50.0,22.4,26.6,104
54:52.3,22.5,26.7,104
54:54.6,22.4,26.6,104
54:56.8,22.4,26.6,104
54:59.1,22.4,26.6,104
55:01.4,22.4,26.5,103
55:03.7,22.4,26.5,104
55:05.9,22.4,26.5,104
55:08.2,22.4,26.4,104
55:10.5,22.4,26.4,103
55:12.8,22.4,26.3,104
55:15.0,22.4,26.3,104
55:17.3,22.4,26.2,104
55:19.6,22.4,26.2,104
55:21.9,22.4,26.3,104
55:24.2,22.4,26.4,104
55:26.4,22.4,26.4,103
55:28.7,22.4,26.3,104
55:31.0,22.4,26.4,104
55:33.3,22.4,26.3,104
55:35.5,22.4,26.3,104
55:37.8,22.5,26.3,104
55:40.1,22.4,26.2,104
55:42.4,22.4,26.2,104
55:44.6,22.4,26.2,104
55:46.9,22.4,26.2,104
55:49.2,22.4,26.2,104
55:51.5,22.4,26.2,104
55:53.7,22.4,26.2,104
55:56.0,22.4,26.3,104
55:58.3,22.4,26.3,104
56:00.6,22.4,26.3,104
56:02.8,22.4,26.3,104
56:05.1,22.4,26.4,104
56:07.4,22.4,26.3,104
56:09.7,22.4,26.2,103
56:12.0,22.4,26.1,104
56:14.2,22.4,26.1,104
56:16.5,22.4,26.1,104
56:18.8,22.4,26.1,104
56:21.1,22.4,26.1,104
56:23.3,22.4,26.1,104
56:25.6,22.3,26.1,104
56:27.9,22.4,26.1,104
56:30.2,22.4,26,104
56:32.4,22.4,26.1,104
56:34.7,22.3,26,104
56:37.0,22.3,26,104
56:39.3,22.3,25.9,104
56:41.5,22.3,25.9,104
56:43.8,22.3,25.9,104
56:46.1,22.3,25.9,104
56:48.4,22.3,25.9,104
56:50.6,22.3,25.8,104
56:52.9,22.3,25.9,104
56:55.2,22.3,25.9,104
56:57.5,22.3,25.9,101
56:59.8,22.3,25.9,99
57:02.0,22.3,26.1,101
57:04.3,22.3,26.4,103
57:06.6,22.3,26.6,104
57:08.9,22.3,26.7,104
57:11.1,22.3,26.9,104
57:13.4,22.3,27,103
57:15.7,22.3,27,104
57:18.0,22.3,26.8,104
57:20.2,22.3,26.6,104
57:22.5,22.3,26.4,104
57:24.8,22.3,26.2,104
57:27.1,22.3,26.1,104
57:29.3,22.3,25.9,103
57:31.6,22.3,25.9,103
57:33.9,22.3,25.9,104
57:36.2,22.3,26,103
57:38.4,22.3,26.3,95
57:40.7,22.3,26.7,103
57:43.0,22.3,26.9,104
57:45.3,22.3,27,103
57:47.6,22.3,26.9,104
57:49.8,22.3,26.7,104
57:52.1,22.2,26.5,104
57:54.4,22.3,26.4,103
57:56.7,22.3,26.4,104
57:58.9,22.2,26.2,104
58:01.2,22.2,26.3,104
58:03.5,22.2,26.4,104
58:05.8,22.2,26.4,102
58:08.0,22.2,26.4,97
58:10.3,22.2,26.4,100
58:12.6,22.2,26.4,102
58:14.9,22.2,26.2,100
58:17.2,22.2,26.1,101
58:19.4,22.2,26.1,101
58:21.7,22.2,25.9,101
58:24.0,22.2,25.9,100
58:26.3,22.2,25.9,93
58:28.5,22.2,25.8,96
58:30.8,22.2,25.8,87
58:33.1,22.2,25.7,94
58:35.4,22.2,25.7,98
58:37.6,22.2,25.7,98
58:39.9,22.2,25.8,100
58:42.2,22.1,25.9,100
58:44.5,22.1,25.9,101
58:46.7,22.2,25.9,101
58:49.0,22.1,25.9,100
58:51.3,22.1,25.8,100
58:53.6,22.1,25.7,100
58:55.8,22.1,25.6,101
58:58.1,22.1,25.5,101
59:00.4,22.1,25.5,101
59:02.7,22.1,25.5,101
59:05.0,22.1,25.5,100
59:07.2,22.1,25.5,100
59:09.5,22.1,25.6,101
59:11.8,22.1,25.6,101
59:14.1,22.1,25.6,101
59:16.3,22.1,25.5,101
59:18.6,22,25.5,101
59:20.9,22,25.4,101
59:23.2,22,25.4,101
59:25.4,22,25.3,100
59:27.7,22,25.3,101
59:30.0,22,25.3,100
59:32.3,22,25.3,101
59:34.5,22,25.3,101
59:36.8,22,25.3,101
59:39.1,22,25.2,101
59:41.4,22,25.2,101
59:43.7,22,25.2,101
59:45.9,22,25.1,101
59:48.2,22,25.1,101
59:50.5,22,25.1,101
59:52.8,22,25.1,101
59:55.0,22,25.1,101
59:57.3,22,25.1,101
59:59.6,22,25.1,101
00:01.9,22,25.1,100
00:04.1,22,25.1,100
00:06.4,22,25.1,99
00:08.7,22.1,25.2,102
00:11.0,22.1,25.2,104
00:13.2,22,25.1,103
00:15.5,22,25.1,103
00:17.8,22,25.2,103
00:20.1,22,25.3,104
00:22.4,22,25.5,104
00:24.6,22,25.5,103
00:26.9,22,25.7,103
00:29.2,22,25.8,103
00:31.5,22,25.8,103
00:33.7,22,25.9,103
00:36.0,22,25.9,103
00:38.3,22,26,102
00:40.6,22,26.3,103
00:42.8,22,26.5,103
00:45.1,22,26.7,102
00:47.4,22,26.8,104
00:49.7,22,26.8,105
00:51.9,22,26.8,103
00:54.2,22,26.8,103
00:56.5,22,26.8,103
00:58.8,22,26.9,103
01:01.0,22,27.1,104
01:03.3,22,27.2,104
01:05.6,22,27.3,103
01:07.9,22,27.4,103
01:10.2,22,27.5,103
01:12.4,22,27.5,103
01:14.7,22,27.5,104
01:17.0,22,27.5,104
01:19.3,22,27.5,103
01:21.5,22,27.6,103
01:23.8,22,27.6,103
01:26.1,22,27.6,103
01:28.4,22,27.6,104
01:30.6,22,27.7,105
01:32.9,22,27.7,104
01:35.2,22,27.7,104
01:37.5,22,27.7,103
01:39.7,22,27.7,103
01:42.0,22.1,27.8,104
01:44.3,22,27.7,105
01:46.6,22,27.7,103
01:48.9,22,27.7,103
01:51.1,22,27.7,103
01:53.4,22,27.6,103
01:55.7,22,27.6,104
01:58.0,22,27.5,105
02:00.2,22,27.5,104
02:02.5,22,27.5,103
02:04.8,22,27.4,104
02:07.1,22,27.4,103
02:09.3,22,27.4,103
02:11.6,22.1,27.4,105
02:13.9,22,27.3,104
02:16.2,22,27.3,104
02:18.4,22,27.3,104
02:20.7,22,27.3,103
02:23.0,22,27.2,104
02:25.3,22,27.2,104
02:27.5,22,27.2,103
02:29.8,22,27.2,103
02:32.1,22,27.2,103
02:34.4,22,27.2,102
02:36.7,22,27.2,103
02:38.9,22,27.1,104
02:41.2,22,27.1,104
02:43.5,22,27,102
02:45.8,22,27,102
02:48.0,22,27,103
02:50.3,22,27,104
02:52.6,22,26.9,105
02:54.9,22,26.9,104
02:57.1,22,26.9,101
02:59.4,22,26.9,103
03:01.7,22,26.9,90
03:04.0,22,26.9,105
03:06.2,22,26.8,105
03:08.5,22,26.9,102
03:10.8,22,26.8,104
03:13.1,22,26.8,103
03:15.4,22,26.8,102
03:17.6,22,26.8,104
03:19.9,22,26.8,105
03:22.2,22,26.8,105
03:24.5,22,26.8,104
03:26.7,22,26.8,105
03:29.0,22,26.8,104
03:31.3,22,26.8,105
03:33.6,22,26.7,106
03:35.8,22,26.7,105
03:38.1,22,26.7,104
03:40.4,22,26.7,105
03:42.7,22,26.7,104
03:44.9,22,26.8,104
03:47.2,22,26.8,104
03:49.5,22,26.8,105
03:51.8,22,26.8,104
03:54.0,22,26.8,104
03:56.3,22,26.8,104
03:58.6,22,26.8,104
04:00.9,22,26.8,104
04:03.2,22,26.8,105
04:05.4,22,26.9,104
04:07.7,22,26.8,104
04:10.0,22,26.8,104
04:12.3,22,26.8,104
04:14.5,22,26.9,110
04:16.8,22.1,27,111
04:19.1,22,27,110
04:21.4,22,27,110
04:23.6,22,27,110
04:25.9,22,27,109
04:28.2,22,27,110
04:30.5,22,27,111
04:32.7,22,27,110
04:35.0,22,27,110
04:37.3,22,27,110
04:39.6,22,27,109
04:41.9,22,27,111
04:44.1,22,27,111
04:46.4,22,27,110
04:48.7,22,27,110
04:51.0,22,27,110
04:53.2,22,27,110
04:55.5,22,27,111
04:57.8,22,26.9,111
05:00.1,22,26.9,110
05:02.3,22,27,110
05:04.6,22,26.9,110
05:06.9,22,27,110
05:09.2,22,26.9,111
05:11.4,22,26.9,110
05:13.7,22,26.9,110
05:16.0,22,26.9,110
05:18.3,22,26.9,109
05:20.5,22,26.9,110
05:22.8,22,26.8,110
05:25.1,22,26.8,110
05:27.4,22,26.8,109
05:29.7,22,26.8,110
05:31.9,22,26.7,110
05:34.2,22,26.6,109
05:36.5,22,26.6,110
05:38.8,22,26.5,110
05:41.0,22,26.5,110
05:43.3,22,26.4,110
05:45.6,22,26.4,110
05:47.9,22,26.4,109
05:50.1,22,26.4,110
05:52.4,22,26.3,111
05:54.7,22,26.2,110
05:57.0,22,26.2,110
05:59.2,22,26.3,110
06:01.5,22,26.3,110
06:03.8,22,26.3,110
06:06.1,22,26.2,111
06:08.3,22,26.1,110
06:10.6,22,26,110
06:12.9,22,26,110
06:15.2,22,26.1,110
06:17.5,22,26.1,110
06:19.7,22,26.1,111
06:22.0,22,26,111
06:24.3,22,26.1,110
06:26.6,22,26.1,110
06:28.8,22,26.2,110
06:31.1,22,26.1,109
06:33.4,22,26.1,111
06:35.7,22,26.1,111
06:37.9,22,26.1,111
06:40.2,22,26.1,110
06:42.5,22,26.1,109
06:44.8,22,26.2,109
06:47.0,22,26.2,110
06:49.3,22,26.3,110
06:51.6,22,26.3,110
06:53.9,22,26.4,109
06:56.1,22,26.4,110
06:58.4,22,26.4,109
07:00.7,22,26.4,109
07:03.0,22,26.4,111
07:05.3,22,26.4,111
07:07.5,22,26.4,110
07:09.8,22,26.4,110
07:12.1,22,26.4,110
07:14.4,22,26.3,110
07:16.6,22,26.3,111
07:18.9,22,26.2,111
07:21.2,22,26.2,110
07:23.5,22,26.2,110
07:25.7,22,26.3,110
07:28.0,22,26.3,110
07:30.3,22,26.3,110
07:32.6,22,26.3,111
07:34.8,22,26.3,110
07:37.1,22,26.4,110
07:39.4,22,26.4,110
07:41.7,22,26.4,109
07:43.9,22,26.3,109
07:46.2,22,26.4,109
07:48.5,22,26.3,110
07:50.8,22,26.3,109
07:53.1,22,26.3,109
07:55.3,22,26.3,109
07:57.6,22,26.3,108
07:59.9,22,26.3,110
08:02.2,22,26.4,110
08:04.4,22,26.5,109
08:06.7,22,26.5,110
08:09.0,22,26.6,109
08:11.3,22,26.6,109
08:13.5,22,26.5,110
08:15.8,22,26.5,111
08:18.1,22,26.5,110
08:20.4,22,26.5,109
08:22.6,22,26.5,109
08:24.9,22,26.4,109
08:27.2,22,26.4,110
08:29.5,22,26.4,110
08:31.8,22,26.4,109
08:34.0,22,26.4,109
08:36.3,22,26.4,110
08:38.6,22,26.4,110
08:40.9,22,26.4,109
08:43.1,22,26.3,110
08:45.4,22,26.2,111
08:47.7,22,26.1,109
08:50.0,22,25.9,109
08:52.2,22,25.9,109
08:54.5,22,25.9,109
08:56.8,22,25.9,109
08:59.1,22,25.9,111
09:01.3,22,26,110
09:03.6,22,26.1,109
09:05.9,22,26.2,110
09:08.2,22,26.3,109
09:10.4,22,26.4,109
09:12.7,22,26.4,110
09:15.0,22,26.5,111
09:17.3,22,26.6,110
09:19.5,22,26.6,109
09:21.8,22,26.6,109
09:24.1,22,26.6,109
09:26.4,22,26.6,109
09:28.7,22,26.6,110
09:30.9,22,26.5,109
09:33.2,22,26.5,109
09:35.5,22,26.4,109
09:37.8,22,26.3,108
09:40.0,22,26.2,110
09:42.3,22,26.1,110
09:44.6,22,25.9,109
09:46.9,22,25.8,109
09:49.1,22,25.8,110
09:51.4,22,25.8,109
09:53.7,22,25.8,110
09:56.0,22,25.8,110
09:58.2,22,25.8,110
10:00.5,22,25.9,109
10:02.8,22,25.9,109
10:05.1,22,25.9,108
10:07.4,22,25.9,109
10:09.6,22,25.9,110
10:11.9,22,25.8,110
10:14.2,22,25.8,109
10:16.5,22,25.7,109
10:18.7,22,25.7,109
10:21.0,22,25.6,109
10:23.3,22,25.6,110
10:25.6,22,25.6,110
10:27.8,22,25.5,110
10:30.1,22,25.4,109
10:32.4,22,25.3,109
10:34.7,22,25.1,110
10:36.9,22,25.1,111
10:39.2,22,25,110
10:41.5,22,25.1,110
10:43.8,22,25.1,108
10:46.1,22,25.1,109
10:48.3,22,25.1,110
10:50.6,22,25.1,110
10:52.9,22,25.2,109
10:55.2,22,25.2,110
10:57.4,22,25.3,109
10:59.7,22,25.4,110
11:02.0,22,25.5,111
11:04.3,22,25.5,110
11:06.5,22,25.5,109
11:08.8,22,25.5,109
11:11.1,22,25.5,108
11:13.4,22,25.5,107
11:15.6,22,25.6,108
11:17.9,22,25.7,107
11:20.2,22,25.7,108
11:22.5,22,25.7,109
11:24.8,22,25.7,110
11:27.0,22,25.7,111
11:29.3,22,25.6,110
11:31.6,22,25.5,109
11:33.9,22,25.4,110
11:36.1,22,25.3,110
11:38.4,22,25.3,110
11:40.7,22,25.4,110
11:43.0,22,25.3,110
11:45.2,22,25.3,110
11:47.5,22,25.3,110
11:49.8,22,25.3,110
11:52.1,22,25.3,111
11:54.3,22,25.3,110
11:56.6,22,25.2,110
11:58.9,22,25.1,110
12:01.2,22,25.1,109
12:03.4,22,25.1,110
12:05.7,22,25.1,111
12:08.0,22,25,110
12:10.3,22,25,110
12:12.6,22,24.9,110
12:14.8,22,24.9,110
12:17.1,22,25,111
12:19.4,22,25,111
12:21.7,22,25.1,110
12:23.9,22,25.1,110
12:26.2,22,25.3,109
12:28.5,22,25.4,110
12:30.8,22,25.5,111
12:33.0,22,25.7,109
12:35.3,22,25.8,110
12:37.6,22,25.9,110
12:39.9,22,26,109
12:42.1,22,26,110
12:44.4,22,26.1,111
12:46.7,22,26,110
12:49.0,22,25.9,110
12:51.3,22,25.8,110
12:53.5,22,25.9,109
12:55.8,22,25.9,110
12:58.1,22,25.9,111
13:00.4,22,25.9,111
13:02.6,22,25.8,110
13:04.9,22,25.9,109
13:07.2,22,26,110
13:09.5,22,26,109
13:11.7,22,26.1,110
13:14.0,22,26.1,111
13:16.3,22,26.1,110
13:18.6,22,26.1,110
13:20.8,22,26.1,109
13:23.1,22,26.1,109
13:25.4,22,26,110
13:27.7,22,25.8,111
13:30.0,22,25.7,111
13:32.2,22,25.7,109
13:34.5,22,25.7,110
13:36.8,22,25.6,110
13:39.1,22,25.6,110
13:41.3,22,25.6,111
13:43.6,22,25.5,111
13:45.9,22,25.4,109
13:48.2,22,25.3,110
13:50.4,22,25.3,109
13:52.7,22,25.2,110
13:55.0,22,25.1,111
13:57.3,22,25,110
13:59.5,22,24.9,109
14:01.8,22,24.8,109
14:04.1,22,24.9,109
14:06.4,22,25,110
14:08.6,22,25.1,110
14:10.9,22,25.3,109
14:13.2,22,25.3,110
14:15.5,22,25.4,109
14:17.8,22,25.5,110
14:20.0,22,25.5,111
14:22.3,22,25.5,110
14:24.6,22,25.5,110
14:26.9,22,25.5,110
14:29.1,22,25.5,110
14:31.4,22,25.5,111
14:33.7,22,25.6,110
14:36.0,22,25.7,110
14:38.2,22,25.7,109
14:40.5,21.9,25.7,110
14:42.8,22,25.7,110
14:45.1,22,25.6,111
14:47.3,22,25.6,111
14:49.6,21.9,25.5,110
14:51.9,22,25.5,110
14:54.2,22,25.5,109
14:56.5,22,25.5,111
14:58.7,22,25.5,111
15:01.0,22,25.4,110
15:03.3,22,25.3,110
15:05.6,22,25.3,110
15:07.8,22,25.2,110
15:10.1,22,25.3,111
15:12.4,22,25.3,110
15:14.7,22,25.4,110
15:16.9,22,25.4,110
15:19.2,22,25.4,108
15:21.5,22,25.5,110
15:23.8,22,25.6,111
15:26.0,22,25.7,109
15:28.3,22,25.7,110
15:30.6,22,25.8,110
15:32.9,22,25.8,109
15:35.2,22,25.8,111
15:37.4,22,25.8,111
15:39.7,22,25.7,110
15:42.0,22,25.7,110
15:44.3,22,25.7,109
15:46.5,22,25.7,109
15:48.8,21.9,25.7,111
15:51.1,22,25.7,111
15:53.4,22,25.6,110
15:55.6,21.9,25.5,110
15:57.9,21.9,25.3,110
16:00.2,22,25.3,110
16:02.5,22,25.1,111
16:04.7,22,25,110
16:07.0,22,24.8,110
16:09.3,22,24.8,110
16:11.6,22,24.7,109
16:13.9,22,24.6,110
16:16.1,22,24.6,111
16:18.4,22,24.6,110
16:20.7,21.9,24.6,109
16:23.0,22,24.6,110
16:25.2,22,24.6,109
16:27.5,22,24.6,110
16:29.8,22,24.6,110
16:32.1,22,24.6,109
16:34.3,22,24.6,110
16:36.6,22,24.7,110
16:38.9,22,24.8,110
16:41.2,21.9,24.8,110
16:43.4,22,24.9,111
16:45.7,22,25,110
16:48.0,21.9,25.1,110
16:50.3,21.9,25.1,110
16:52.5,22,25.1,110
16:54.8,22,25.1,111
16:57.1,22,25.2,110
16:59.4,22,25.3,110
17:01.7,22,25.2,110
17:03.9,22,25,109
17:06.2,22,24.9,111
17:08.5,22,24.8,111
17:10.8,22,24.8,110
17:13.0,22,24.7,110
17:15.3,22,24.6,110
17:17.6,22,24.6,110
17:19.9,22,24.7,111
17:22.1,22,24.7,110
17:24.4,22,24.8,110
17:26.7,22,24.9,110
17:29.0,22,25,110
17:31.2,22,25,110
17:33.5,21.9,25,111
17:35.8,21.9,25,110
17:38.1,22,24.9,110
17:40.4,21.9,24.8,110
17:42.6,22,24.8,109
17:44.9,22,24.8,110
17:47.2,21.9,24.8,111
17:49.5,21.9,24.8,109
17:51.7,22,24.8,109
17:54.0,21.9,24.7,109
17:56.3,22,24.7,109
17:58.6,22,24.7,109
18:00.8,22,24.8,109
18:03.1,21.9,24.8,109
18:05.4,22,24.8,108
18:07.7,22,24.9,109
18:09.9,22,24.9,109
18:12.2,21.9,24.9,108
18:14.5,21.9,25,108
18:16.8,21.9,25,108
18:19.1,22,25,109
18:21.3,22,25,109
18:23.6,21.9,24.9,110
18:25.9,21.9,24.9,110
18:28.2,21.9,24.9,109
18:30.4,22,24.9,109
18:32.7,21.9,24.9,108
18:35.0,22,25,108
18:37.3,22,25,110
18:39.5,22,25,110
18:41.8,22,25,109
18:44.1,22,24.9,109
18:46.4,22,24.9,110
18:48.6,21.9,24.8,110
18:50.9,22,24.8,111
18:53.2,22,24.7,110
18:55.5,22,24.7,110
18:57.7,21.9,24.7,110
19:00.0,21.9,24.6,110
19:02.3,21.9,24.5,111
19:04.6,22,24.4,111
19:06.9,22,24.4,110
19:09.1,21.9,24.3,110
19:11.4,22,24.2,110
19:13.7,21.9,24.3,110
19:16.0,22,24.4,107
19:18.2,22,24.5,108
19:20.5,22,24.6,94
19:22.8,21.9,24.7,93
19:25.1,22,24.8,93
19:27.3,22,24.9,96
19:29.6,21.9,25,96
19:31.9,21.9,25,96
19:34.2,21.9,25,95
19:36.4,22,25.1,95
19:38.7,22,25.1,94
19:41.0,21.9,25.2,94
19:43.3,21.9,25.2,94
19:45.6,21.9,25.2,94
19:47.8,21.9,25.2,93
19:50.1,21.9,25.2,94
19:52.4,21.9,25.2,93
19:54.7,21.9,25.2,92
19:56.9,21.9,25.2,92
19:59.2,21.9,25.2,88
20:01.5,21.9,25.2,88
20:03.8,21.9,25.2,86
20:06.0,21.9,25.2,92
20:08.3,21.9,25.3,91
20:10.6,21.9,25.2,92
20:12.9,21.9,25.2,93
20:15.1,21.9,25.2,93
20:17.4,21.9,25.2,93
20:19.7,22,25.2,93
20:22.0,21.9,25.2,93
20:24.3,21.9,25.1,93
20:26.5,21.9,25.1,94
20:28.8,21.9,25,92
20:31.1,21.9,24.8,92
20:33.4,22,24.8,93
20:35.6,22,24.7,94
20:37.9,22,24.6,94
20:40.2,21.9,24.6,94
20:42.5,21.9,24.5,94
20:44.7,22,24.5,94
20:47.0,21.9,24.6,94
20:49.3,21.9,24.7,96
20:51.6,22,24.8,96
20:53.8,21.9,24.8,96
20:56.1,22,24.8,96
20:58.4,22,24.7,97
21:00.7,22,24.5,97
21:02.9,22,24.4,96
21:05.2,21.9,24.3,96
21:07.5,21.9,24.3,96
21:09.8,21.9,24.3,96
21:12.1,22,24.3,97
21:14.3,21.9,24.4,96
21:16.6,21.9,24.6,96
21:18.9,21.9,24.7,96
21:21.2,21.9,24.8,96
21:23.4,22,24.9,96
21:25.7,21.9,24.9,97
21:28.0,21.9,24.9,96
21:30.3,22,24.9,96
21:32.5,22,25.1,93
21:34.8,21.9,25.1,93
21:37.1,21.9,25,107
21:39.4,22,24.8,106
21:41.6,22,24.7,106
21:43.9,22,24.6,106
21:46.2,22,24.6,106
21:48.5,22,24.7,107
21:50.8,22,24.8,110
21:53.0,21.9,24.9,110
21:55.3,22,25,110
21:57.6,21.9,25.1,110
21:59.9,21.9,25.2,109
22:02.1,22,25.2,110
22:04.4,22,25.3,110
22:06.7,21.9,25.3,109
22:09.0,21.9,25.4,109
22:11.2,22,25.4,109
22:13.5,21.9,25.4,109
22:15.8,22,25.4,110
22:18.1,22,25.4,109
22:20.3,22,25.3,109
22:22.6,21.9,25.3,108
22:24.9,22,25.3,108
22:27.2,21.9,25.3,107
22:29.5,21.9,25.3,107
22:31.7,22,25.2,106
22:34.0,22,25.1,107
22:36.3,21.9,25.1,106
22:38.6,22,25.1,106
22:40.8,21.9,25.1,105
22:43.1,21.9,25.1,107
22:45.4,21.9,25.2,109
22:47.7,21.9,25.2,109
22:49.9,21.9,25.2,109
22:52.2,21.9,25.2,110
22:54.5,21.9,25.3,110
22:56.8,21.9,25.3,109
22:59.0,22,25.3,109
23:01.3,21.9,25.3,109
23:03.6,21.9,25.3,109
23:05.9,21.9,25.3,110
23:08.2,21.9,25.3,109
23:10.4,21.9,25.3,109
23:12.7,21.9,25.4,108
23:15.0,21.9,25.4,109
23:17.3,21.9,25.4,110
23:19.5,21.9,25.3,109
23:21.8,21.9,25.3,109
23:24.1,21.9,25.3,109
23:26.4,21.9,25.2,108
23:28.6,21.9,25.1,109
23:30.9,21.9,24.9,108
23:33.2,21.9,24.7,106
23:35.5,21.9,24.6,102
23:37.7,21.9,24.6,105
23:40.0,21.9,24.6,108
23:42.3,21.9,24.7,109
23:44.6,21.9,24.7,108
23:46.9,21.9,24.8,109
23:49.1,21.9,24.8,107
23:51.4,21.9,24.9,107
23:53.7,21.9,25,107
23:56.0,21.9,25,107
23:58.2,21.9,25,107
24:00.5,21.9,25,107
24:02.8,21.9,25.1,107
24:05.1,21.9,25.1,107
24:07.3,21.9,25,106
24:09.6,21.9,25,107
24:11.9,21.9,25,108
24:14.2,21.9,24.9,107
24:16.4,21.9,24.9,107
24:18.7,21.9,24.8,108
24:21.0,21.9,24.8,107
24:23.3,21.9,24.8,107
24:25.6,21.9,24.8,107
24:27.8,21.9,24.8,107
24:30.1,21.9,24.9,107
24:32.4,22,24.9,108
24:34.7,21.9,25,108
24:36.9,21.9,25,106
24:39.2,21.9,25,107
24:41.5,21.9,25.1,106
24:43.8,21.9,25.1,108
24:46.0,22,25.1,108
24:48.3,22,25.1,107
24:50.6,21.9,25.1,108
24:52.9,22,25.1,108
24:55.1,21.9,25.1,107
24:57.4,22,25,107
24:59.7,21.9,25,107
25:02.0,21.9,25,107
25:04.3,21.9,24.9,107
25:06.5,22,24.9,106
25:08.8,22,24.9,106
25:11.1,21.9,24.9,106
25:13.4,22,24.9,104
25:15.6,21.9,24.8,106
25:17.9,22,24.7,105
25:20.2,22,24.7,105
25:22.5,21.9,24.6,105
25:24.7,22,24.6,100
25:27.0,22,24.6,106
25:29.3,22,24.6,107
25:31.6,22,24.6,105
25:33.8,22,24.6,105
25:36.1,21.9,24.6,106
25:38.4,22,24.6,103
25:40.7,21.9,24.6,86
25:43.0,22,24.7,102
25:45.2,22,24.7,105
25:47.5,21.9,24.6,105
25:49.8,22,24.6,106
25:52.1,21.9,24.4,106
25:54.3,22,24.3,107
25:56.6,21.9,24.2,106
25:58.9,22,24.1,106
26:01.2,21.9,24,105
26:03.4,22,24,106
26:05.7,22,24,106
26:08.0,21.9,23.9,95
26:10.3,22,23.9,94
26:12.5,21.9,23.8,95
26:14.8,21.9,23.8,95
26:17.1,21.9,23.8,94
26:19.4,21.9,23.8,95
26:21.7,21.9,23.8,96
26:23.9,21.9,23.9,107
26:26.2,21.9,23.9,109
26:28.5,21.9,24.1,109
26:30.8,21.9,24.2,108
26:33.0,21.9,24.4,108
26:35.3,21.9,24.5,108
26:37.6,21.9,24.5,108
26:39.9,21.9,24.6,109
26:42.1,21.9,24.5,109
26:44.4,21.9,24.5,108
26:46.7,21.9,24.6,108
26:49.0,21.9,24.6,107
26:51.2,21.9,24.7,109
26:53.5,21.9,24.8,109
26:55.8,21.9,24.8,108
26:58.1,21.9,24.8,96
27:00.3,21.9,24.8,95
27:02.6,21.9,24.8,94
27:04.9,21.9,24.9,95
27:07.2,21.9,24.9,94
27:09.5,21.9,24.9,93
27:11.7,21.9,24.9,94
27:14.0,21.9,24.9,92
27:16.3,21.9,24.9,93
27:18.6,21.9,24.9,93
27:20.8,21.9,24.9,93
27:23.1,21.9,25,93
27:25.4,21.9,25,93
27:27.7,21.9,25,92
27:29.9,21.9,25,92
27:32.2,21.9,25,92
27:34.5,21.9,25,92
27:36.8,21.9,25,93
27:39.0,21.9,25,93
27:41.3,21.9,25,92
27:43.6,21.9,25,93
27:45.9,21.9,25.1,92
27:48.2,21.9,25.2,92
27:50.4,21.9,25.3,93
27:52.7,21.9,25.3,92
27:55.0,21.9,25.4,92
27:57.3,21.9,25.4,91
27:59.5,21.9,25.4,92
28:01.8,21.9,25.4,91
28:04.1,21.9,25.4,91
28:06.4,21.9,25.4,92
28:08.6,21.9,25.4,91
28:10.9,21.9,25.4,92
28:13.2,21.9,25.5,93
28:15.5,21.9,25.4,90
28:17.7,21.9,25.4,92
28:20.0,21.9,25.3,92
28:22.3,21.9,25.3,92
28:24.6,21.9,25.2,92
28:26.9,21.9,25.1,92
28:29.1,21.9,25,92
28:31.4,21.9,24.9,90
28:33.7,21.9,25,91
28:36.0,21.9,25.1,92
28:38.2,21.9,25.1,92
28:40.5,21.9,25.1,92
28:42.8,21.9,25.1,91
28:45.1,21.9,25.1,91
28:47.3,21.9,25.1,93
28:49.6,21.9,25.1,91
28:51.9,21.9,25,92
28:54.2,21.9,24.9,91
28:56.4,21.9,24.8,91
28:58.7,21.9,24.8,91
29:01.0,21.9,24.7,92
29:03.3,21.9,24.7,92
29:05.6,21.9,24.6,93
29:07.8,21.9,24.6,92
29:10.1,21.9,24.6,92
29:12.4,21.9,24.5,92
29:14.7,21.9,24.4,92
29:16.9,21.9,24.4,94
29:19.2,21.9,24.4,92
29:21.5,21.9,24.4,91
29:23.8,21.9,24.3,91
29:26.0,21.9,24.2,91
29:28.3,21.9,24.2,92
29:30.6,21.9,24.2,92
29:32.9,21.9,24.2,91
29:35.1,21.9,24.2,90
29:37.4,21.9,24.1,90
29:39.7,21.9,24.1,90
29:42.0,21.9,24.1,91
29:44.2,21.9,24.1,92
29:46.5,21.9,24.1,91
29:48.8,21.9,24.1,90
29:51.1,21.9,24.1,90
29:53.4,21.9,24.1,92
29:55.6,21.9,24.1,92
29:57.9,21.9,24.1,92
30:00.2,21.9,24,92
30:02.5,21.9,24,90
30:04.7,21.9,23.9,92
30:07.0,21.8,23.8,91
30:09.3,21.9,23.9,90
30:11.6,21.9,23.9,93
30:13.8,21.9,24,92
30:16.1,21.9,24.1,91
30:18.4,21.9,24.2,91
30:20.7,21.9,24.3,90
30:22.9,21.9,24.4,90
30:25.2,21.8,24.3,91
30:27.5,21.8,24.3,90
30:29.8,21.8,24.3,90
30:32.1,21.9,24.4,90
30:34.3,21.9,24.4,91
30:36.6,21.9,24.4,91
30:38.9,21.9,24.4,92
30:41.2,21.9,24.5,91
30:43.4,21.9,24.6,91
30:45.7,21.8,24.6,91
30:48.0,21.9,24.7,90
30:50.3,21.9,24.8,86
30:52.5,21.8,24.7,92
30:54.8,21.9,24.8,94
30:57.1,21.9,24.8,94
30:59.4,21.9,24.8,94
31:01.6,21.8,24.7,94
31:03.9,21.9,24.7,106
31:06.2,21.9,24.6,105
31:08.5,21.9,24.6,98
31:10.7,21.9,24.6,92
31:13.0,21.9,24.5,94
31:15.3,21.9,24.5,94
31:17.6,21.9,24.5,95
31:19.9,21.9,24.5,94
31:22.1,21.9,24.5,94
31:24.4,21.9,24.5,94
31:26.7,21.9,24.5,93
31:29.0,21.9,24.4,94
31:31.2,21.9,24.4,94
31:33.5,21.8,24.4,93
31:35.8,21.8,24.4,93
31:38.1,21.9,24.5,94
31:40.3,21.9,24.6,94
31:42.6,21.8,24.5,93
31:44.9,21.9,24.7,94
31:47.2,21.9,24.7,94
31:49.4,21.9,24.7,93
31:51.7,21.9,24.7,93
31:54.0,21.9,24.7,93
31:56.3,21.9,24.7,95
31:58.6,21.8,24.6,94
32:00.8,21.8,24.6,105
32:03.1,21.9,24.8,94
32:05.4,21.8,24.7,94
32:07.7,21.9,24.8,94
32:09.9,21.8,24.7,95
32:12.2,21.9,24.8,94
32:14.5,21.8,24.7,94
32:16.8,21.8,24.7,93
32:19.0,21.9,24.7,94
32:21.3,21.9,24.7,94
32:23.6,21.9,24.6,94
32:25.9,21.9,24.6,93
32:28.1,21.9,24.6,92
32:30.4,21.9,24.5,88
32:32.7,21.9,24.4,91
32:35.0,21.8,24.3,89
32:37.3,21.9,24.3,92
32:39.5,21.8,24.2,90
32:41.8,21.9,24.2,91
32:44.1,21.9,24.2,92
32:46.4,21.9,24.2,92
32:48.6,21.9,24.2,92
32:50.9,21.8,24.2,92
32:53.2,21.9,24.3,92
32:55.5,21.9,24.4,92
32:57.7,21.9,24.5,91
33:00.0,21.8,24.5,90
33:02.3,21.9,24.6,92
33:04.6,21.9,24.7,92
33:06.8,21.9,24.7,91
33:09.1,21.9,24.8,92
33:11.4,21.8,24.8,92
33:13.7,21.8,24.8,92
33:16.0,21.9,24.7,92
33:18.2,21.9,24.5,92
